{"initial_reset_timestamp": 2322482.975434291, "timestamps": [2322483.46846975, 2322483.733156875, 2322483.983101083, 2322484.237380916, 2322484.485369541, 2322484.736134958, 2322484.983098916, 2322485.231250166, 2322485.477187791, 2322485.725235083, 2322485.973808958, 2322486.221941708, 2322486.468319583, 2322486.716277833, 2322486.96372475, 2322487.211250458, 2322487.458535541, 2322487.707756291, 2322487.954460916, 2322488.203188708, 2322488.451796208, 2322488.699792916, 2322488.948088041, 2322489.19532025, 2322489.443907083, 2322489.692415458, 2322489.938974041, 2322490.18718775, 2322490.434860541, 2322490.68139225], "episode_lengths": [30, 30, 30, 30, 30, 30, 30, 30, 30, 30, 30, 30, 30, 30, 30, 30, 30, 30, 30, 30, 30, 30, 30, 30, 30, 30, 30, 30, 30, 30], "episode_rewards": [19.999999999999993, 19.999999999999993, 19.999999999999993, 19.999999999999993, 19.999999999999993, 19.999999999999993, 19.999999999999993, 19.999999999999993, 19.999999999999993, 19.999999999999993, 19.999999999999993, 19.999999999999993, 19.999999999999993, 19.999999999999993, 19.999999999999993, 19.999999999999993, 19.999999999999993, 19.999999999999993, 19.999999999999993, 19.999999999999993, 19.999999999999993, 19.999999999999993, 19.999999999999993, 19.999999999999993, 19.999999999999993, 19.999999999999993, 19.999999999999993, 19.999999999999993, 19.999999999999993, 19.999999999999993], "episode_types": ["t", "t", "t", "t", "t", "t", "t", "t", "t", "t", "t", "t", "t", "t", "t", "t", "t", "t", "t", "t", "t", "t", "t", "t", "t", "t", "t", "t", "t", "t"]}