{"initial_reset_timestamp": 2324812.410375375, "timestamps": [2324813.916213041, 2324827.2936065, 2324840.661282958, 2324841.647966583, 2324843.041123916], "episode_lengths": [173, 2005, 2005, 141, 201], "episode_rewards": [139.79999999999995, 20.949999999999633, 21.699999999999523, 59.150000000000034, 126.45000000000005], "episode_types": ["t", "t", "t", "t", "t", "t"]}