{"initial_reset_timestamp": 2322635.228671375, "timestamps": [2322635.46533975, 2322635.715555208, 2322635.978510458, 2322636.228427375, 2322636.477595875, 2322636.726692416, 2322636.972533916, 2322637.221162416, 2322637.469265375, 2322637.716520041, 2322637.965568208, 2322638.213054125, 2322638.460636625, 2322638.707683416, 2322638.954292708, 2322639.201943625, 2322639.449944208, 2322639.69707275, 2322639.944093458, 2322640.190540541, 2322640.438507416, 2322640.686120041, 2322640.932841583, 2322641.17937575, 2322641.426229625, 2322641.673443375, 2322641.921874083, 2322642.170186125, 2322642.418204375, 2322642.665681041], "episode_lengths": [30, 30, 30, 30, 30, 30, 30, 30, 30, 30, 30, 30, 30, 30, 30, 30, 30, 30, 30, 30, 30, 30, 30, 30, 30, 30, 30, 30, 30, 30], "episode_rewards": [19.999999999999993, 19.999999999999993, 19.999999999999993, 19.999999999999993, 19.999999999999993, 19.999999999999993, 19.999999999999993, 19.999999999999993, 19.999999999999993, 19.999999999999993, 19.999999999999993, 19.999999999999993, 19.999999999999993, 19.999999999999993, 19.999999999999993, 19.999999999999993, 19.999999999999993, 19.999999999999993, 19.999999999999993, 19.999999999999993, 19.999999999999993, 19.999999999999993, 19.999999999999993, 19.999999999999993, 19.999999999999993, 19.999999999999993, 19.999999999999993, 19.999999999999993, 19.999999999999993, 19.999999999999993], "episode_types": ["t", "t", "t", "t", "t", "t", "t", "t", "t", "t", "t", "t", "t", "t", "t", "t", "t", "t", "t", "t", "t", "t", "t", "t", "t", "t", "t", "t", "t", "t"]}